[
  {
    "model": "admin.logentry",
    "pk": 1,
    "fields": {
      "action_time": "2024-08-04T13:36:19.333Z",
      "user": 1,
      "content_type": 8,
      "object_id": "1",
      "object_repr": "Проверочная, статус:Создана",
      "action_flag": 2,
      "change_message": "[{\"changed\": {\"fields\": [\"\\u0414\\u0430\\u0442\\u0430 \\u043d\\u0430\\u0447\\u0430\\u043b\\u0430\", \"\\u0412\\u0440\\u0435\\u043c\\u044f \\u0441\\u043b\\u0435\\u0434\\u0443\\u044e\\u0449\\u0435\\u0439 \\u043e\\u0442\\u043f\\u0440\\u0430\\u0432\\u043a\\u0438\"]}}]"
    }
  },
  {
    "model": "admin.logentry",
    "pk": 2,
    "fields": {
      "action_time": "2024-08-04T13:40:23.623Z",
      "user": 1,
      "content_type": 8,
      "object_id": "1",
      "object_repr": "Проверочная, статус:Создана",
      "action_flag": 2,
      "change_message": "[{\"changed\": {\"fields\": [\"\\u0414\\u0430\\u0442\\u0430 \\u043d\\u0430\\u0447\\u0430\\u043b\\u0430\", \"\\u0414\\u0430\\u0442\\u0430 \\u043e\\u043a\\u043e\\u043d\\u0447\\u0430\\u043d\\u0438\\u044f\", \"\\u0412\\u0440\\u0435\\u043c\\u044f \\u0441\\u043b\\u0435\\u0434\\u0443\\u044e\\u0449\\u0435\\u0439 \\u043e\\u0442\\u043f\\u0440\\u0430\\u0432\\u043a\\u0438\"]}}]"
    }
  },
  {
    "model": "admin.logentry",
    "pk": 3,
    "fields": {
      "action_time": "2024-08-04T13:44:18.017Z",
      "user": 1,
      "content_type": 8,
      "object_id": "1",
      "object_repr": "Проверочная, статус:Создана",
      "action_flag": 2,
      "change_message": "[{\"changed\": {\"fields\": [\"\\u0414\\u0430\\u0442\\u0430 \\u043d\\u0430\\u0447\\u0430\\u043b\\u0430\", \"\\u0414\\u0430\\u0442\\u0430 \\u043e\\u043a\\u043e\\u043d\\u0447\\u0430\\u043d\\u0438\\u044f\", \"\\u0412\\u0440\\u0435\\u043c\\u044f \\u0441\\u043b\\u0435\\u0434\\u0443\\u044e\\u0449\\u0435\\u0439 \\u043e\\u0442\\u043f\\u0440\\u0430\\u0432\\u043a\\u0438\"]}}]"
    }
  },
  {
    "model": "admin.logentry",
    "pk": 4,
    "fields": {
      "action_time": "2024-08-04T14:02:01.334Z",
      "user": 1,
      "content_type": 8,
      "object_id": "1",
      "object_repr": "Проверочная, статус:Запущена",
      "action_flag": 2,
      "change_message": "[{\"changed\": {\"fields\": [\"\\u0421\\u0442\\u0430\\u0442\\u0443\\u0441\"]}}]"
    }
  },
  {
    "model": "admin.logentry",
    "pk": 5,
    "fields": {
      "action_time": "2024-08-04T14:34:01.592Z",
      "user": 1,
      "content_type": 8,
      "object_id": "1",
      "object_repr": "Проверочная, статус:Завершена",
      "action_flag": 2,
      "change_message": "[{\"changed\": {\"fields\": [\"\\u0412\\u043b\\u0430\\u0434\\u0435\\u043b\\u0435\\u0446\"]}}]"
    }
  },
  {
    "model": "admin.logentry",
    "pk": 6,
    "fields": {
      "action_time": "2024-08-04T15:55:29.393Z",
      "user": 1,
      "content_type": 8,
      "object_id": "1",
      "object_repr": "Проверочная, статус:Создана",
      "action_flag": 2,
      "change_message": "[{\"changed\": {\"fields\": [\"\\u0421\\u0442\\u0430\\u0442\\u0443\\u0441\"]}}]"
    }
  },
  {
    "model": "admin.logentry",
    "pk": 7,
    "fields": {
      "action_time": "2024-08-05T21:16:48.899Z",
      "user": 1,
      "content_type": 10,
      "object_id": "2",
      "object_repr": "moskalev199618120@gmail.com - None None",
      "action_flag": 2,
      "change_message": "[]"
    }
  },
  {
    "model": "admin.logentry",
    "pk": 10,
    "fields": {
      "action_time": "2024-08-06T19:41:41.712Z",
      "user": 1,
      "content_type": 3,
      "object_id": "1",
      "object_repr": "manager",
      "action_flag": 1,
      "change_message": "[{\"added\": {}}]"
    }
  },
  {
    "model": "admin.logentry",
    "pk": 11,
    "fields": {
      "action_time": "2024-08-06T19:46:02.155Z",
      "user": 1,
      "content_type": 10,
      "object_id": "2",
      "object_repr": "moskalev199618120@gmail.com - Дмитрий Москалев",
      "action_flag": 2,
      "change_message": "[{\"changed\": {\"fields\": [\"Groups\"]}}]"
    }
  },
  {
    "model": "admin.logentry",
    "pk": 12,
    "fields": {
      "action_time": "2024-08-06T19:46:36.969Z",
      "user": 1,
      "content_type": 10,
      "object_id": "5",
      "object_repr": "test@mail.com - Тест Тестов",
      "action_flag": 1,
      "change_message": "[{\"added\": {}}]"
    }
  },
  {
    "model": "admin.logentry",
    "pk": 13,
    "fields": {
      "action_time": "2024-08-06T19:52:33.033Z",
      "user": 1,
      "content_type": 10,
      "object_id": "6",
      "object_repr": "idea@content.ru - Идейник Идеев",
      "action_flag": 1,
      "change_message": "[{\"added\": {}}]"
    }
  },
  {
    "model": "admin.logentry",
    "pk": 14,
    "fields": {
      "action_time": "2024-08-06T19:52:54.920Z",
      "user": 1,
      "content_type": 3,
      "object_id": "2",
      "object_repr": "content_maker",
      "action_flag": 1,
      "change_message": "[{\"added\": {}}]"
    }
  },
  {
    "model": "admin.logentry",
    "pk": 15,
    "fields": {
      "action_time": "2024-08-06T19:53:03.083Z",
      "user": 1,
      "content_type": 10,
      "object_id": "6",
      "object_repr": "idea@content.ru - Идейник Идеев",
      "action_flag": 2,
      "change_message": "[{\"changed\": {\"fields\": [\"Groups\"]}}]"
    }
  },
  {
    "model": "admin.logentry",
    "pk": 16,
    "fields": {
      "action_time": "2024-08-06T19:53:31.854Z",
      "user": 1,
      "content_type": 10,
      "object_id": "5",
      "object_repr": "test@mail.com - Менеджер Менеджеров",
      "action_flag": 2,
      "change_message": "[{\"changed\": {\"fields\": [\"\\u0418\\u043c\\u044f \", \"\\u0424\\u0430\\u043c\\u0438\\u043b\\u0438\\u044f\"]}}]"
    }
  },
  {
    "model": "auth.permission",
    "pk": 1,
    "fields": {
      "name": "Can add log entry",
      "content_type": 1,
      "codename": "add_logentry"
    }
  },
  {
    "model": "auth.permission",
    "pk": 2,
    "fields": {
      "name": "Can change log entry",
      "content_type": 1,
      "codename": "change_logentry"
    }
  },
  {
    "model": "auth.permission",
    "pk": 3,
    "fields": {
      "name": "Can delete log entry",
      "content_type": 1,
      "codename": "delete_logentry"
    }
  },
  {
    "model": "auth.permission",
    "pk": 4,
    "fields": {
      "name": "Can view log entry",
      "content_type": 1,
      "codename": "view_logentry"
    }
  },
  {
    "model": "auth.permission",
    "pk": 5,
    "fields": {
      "name": "Can add permission",
      "content_type": 2,
      "codename": "add_permission"
    }
  },
  {
    "model": "auth.permission",
    "pk": 6,
    "fields": {
      "name": "Can change permission",
      "content_type": 2,
      "codename": "change_permission"
    }
  },
  {
    "model": "auth.permission",
    "pk": 7,
    "fields": {
      "name": "Can delete permission",
      "content_type": 2,
      "codename": "delete_permission"
    }
  },
  {
    "model": "auth.permission",
    "pk": 8,
    "fields": {
      "name": "Can view permission",
      "content_type": 2,
      "codename": "view_permission"
    }
  },
  {
    "model": "auth.permission",
    "pk": 9,
    "fields": {
      "name": "Can add group",
      "content_type": 3,
      "codename": "add_group"
    }
  },
  {
    "model": "auth.permission",
    "pk": 10,
    "fields": {
      "name": "Can change group",
      "content_type": 3,
      "codename": "change_group"
    }
  },
  {
    "model": "auth.permission",
    "pk": 11,
    "fields": {
      "name": "Can delete group",
      "content_type": 3,
      "codename": "delete_group"
    }
  },
  {
    "model": "auth.permission",
    "pk": 12,
    "fields": {
      "name": "Can view group",
      "content_type": 3,
      "codename": "view_group"
    }
  },
  {
    "model": "auth.permission",
    "pk": 13,
    "fields": {
      "name": "Can add content type",
      "content_type": 4,
      "codename": "add_contenttype"
    }
  },
  {
    "model": "auth.permission",
    "pk": 14,
    "fields": {
      "name": "Can change content type",
      "content_type": 4,
      "codename": "change_contenttype"
    }
  },
  {
    "model": "auth.permission",
    "pk": 15,
    "fields": {
      "name": "Can delete content type",
      "content_type": 4,
      "codename": "delete_contenttype"
    }
  },
  {
    "model": "auth.permission",
    "pk": 16,
    "fields": {
      "name": "Can view content type",
      "content_type": 4,
      "codename": "view_contenttype"
    }
  },
  {
    "model": "auth.permission",
    "pk": 17,
    "fields": {
      "name": "Can add session",
      "content_type": 5,
      "codename": "add_session"
    }
  },
  {
    "model": "auth.permission",
    "pk": 18,
    "fields": {
      "name": "Can change session",
      "content_type": 5,
      "codename": "change_session"
    }
  },
  {
    "model": "auth.permission",
    "pk": 19,
    "fields": {
      "name": "Can delete session",
      "content_type": 5,
      "codename": "delete_session"
    }
  },
  {
    "model": "auth.permission",
    "pk": 20,
    "fields": {
      "name": "Can view session",
      "content_type": 5,
      "codename": "view_session"
    }
  },
  {
    "model": "auth.permission",
    "pk": 21,
    "fields": {
      "name": "Can add Клиент",
      "content_type": 6,
      "codename": "add_client"
    }
  },
  {
    "model": "auth.permission",
    "pk": 22,
    "fields": {
      "name": "Can change Клиент",
      "content_type": 6,
      "codename": "change_client"
    }
  },
  {
    "model": "auth.permission",
    "pk": 23,
    "fields": {
      "name": "Can delete Клиент",
      "content_type": 6,
      "codename": "delete_client"
    }
  },
  {
    "model": "auth.permission",
    "pk": 24,
    "fields": {
      "name": "Can view Клиент",
      "content_type": 6,
      "codename": "view_client"
    }
  },
  {
    "model": "auth.permission",
    "pk": 25,
    "fields": {
      "name": "Can add Сообщение",
      "content_type": 7,
      "codename": "add_message"
    }
  },
  {
    "model": "auth.permission",
    "pk": 26,
    "fields": {
      "name": "Can change Сообщение",
      "content_type": 7,
      "codename": "change_message"
    }
  },
  {
    "model": "auth.permission",
    "pk": 27,
    "fields": {
      "name": "Can delete Сообщение",
      "content_type": 7,
      "codename": "delete_message"
    }
  },
  {
    "model": "auth.permission",
    "pk": 28,
    "fields": {
      "name": "Can view Сообщение",
      "content_type": 7,
      "codename": "view_message"
    }
  },
  {
    "model": "auth.permission",
    "pk": 29,
    "fields": {
      "name": "Can add Рассылка",
      "content_type": 8,
      "codename": "add_mailing"
    }
  },
  {
    "model": "auth.permission",
    "pk": 30,
    "fields": {
      "name": "Can change Рассылка",
      "content_type": 8,
      "codename": "change_mailing"
    }
  },
  {
    "model": "auth.permission",
    "pk": 31,
    "fields": {
      "name": "Can delete Рассылка",
      "content_type": 8,
      "codename": "delete_mailing"
    }
  },
  {
    "model": "auth.permission",
    "pk": 32,
    "fields": {
      "name": "Can view Рассылка",
      "content_type": 8,
      "codename": "view_mailing"
    }
  },
  {
    "model": "auth.permission",
    "pk": 33,
    "fields": {
      "name": "Can add Лог рассылки",
      "content_type": 9,
      "codename": "add_log"
    }
  },
  {
    "model": "auth.permission",
    "pk": 34,
    "fields": {
      "name": "Can change Лог рассылки",
      "content_type": 9,
      "codename": "change_log"
    }
  },
  {
    "model": "auth.permission",
    "pk": 35,
    "fields": {
      "name": "Can delete Лог рассылки",
      "content_type": 9,
      "codename": "delete_log"
    }
  },
  {
    "model": "auth.permission",
    "pk": 36,
    "fields": {
      "name": "Can view Лог рассылки",
      "content_type": 9,
      "codename": "view_log"
    }
  },
  {
    "model": "auth.permission",
    "pk": 37,
    "fields": {
      "name": "Can add пользователь",
      "content_type": 10,
      "codename": "add_user"
    }
  },
  {
    "model": "auth.permission",
    "pk": 38,
    "fields": {
      "name": "Can change пользователь",
      "content_type": 10,
      "codename": "change_user"
    }
  },
  {
    "model": "auth.permission",
    "pk": 39,
    "fields": {
      "name": "Can delete пользователь",
      "content_type": 10,
      "codename": "delete_user"
    }
  },
  {
    "model": "auth.permission",
    "pk": 40,
    "fields": {
      "name": "Can view пользователь",
      "content_type": 10,
      "codename": "view_user"
    }
  },
  {
    "model": "auth.permission",
    "pk": 41,
    "fields": {
      "name": "Can add django job",
      "content_type": 11,
      "codename": "add_djangojob"
    }
  },
  {
    "model": "auth.permission",
    "pk": 42,
    "fields": {
      "name": "Can change django job",
      "content_type": 11,
      "codename": "change_djangojob"
    }
  },
  {
    "model": "auth.permission",
    "pk": 43,
    "fields": {
      "name": "Can delete django job",
      "content_type": 11,
      "codename": "delete_djangojob"
    }
  },
  {
    "model": "auth.permission",
    "pk": 44,
    "fields": {
      "name": "Can view django job",
      "content_type": 11,
      "codename": "view_djangojob"
    }
  },
  {
    "model": "auth.permission",
    "pk": 45,
    "fields": {
      "name": "Can add django job execution",
      "content_type": 12,
      "codename": "add_djangojobexecution"
    }
  },
  {
    "model": "auth.permission",
    "pk": 46,
    "fields": {
      "name": "Can change django job execution",
      "content_type": 12,
      "codename": "change_djangojobexecution"
    }
  },
  {
    "model": "auth.permission",
    "pk": 47,
    "fields": {
      "name": "Can delete django job execution",
      "content_type": 12,
      "codename": "delete_djangojobexecution"
    }
  },
  {
    "model": "auth.permission",
    "pk": 48,
    "fields": {
      "name": "Can view django job execution",
      "content_type": 12,
      "codename": "view_djangojobexecution"
    }
  },
  {
    "model": "auth.permission",
    "pk": 49,
    "fields": {
      "name": "Can view mailings",
      "content_type": 8,
      "codename": "view_mailings"
    }
  },
  {
    "model": "auth.permission",
    "pk": 50,
    "fields": {
      "name": "Can cancel mailings",
      "content_type": 8,
      "codename": "cancel_mailings"
    }
  },
  {
    "model": "auth.permission",
    "pk": 51,
    "fields": {
      "name": "Can view all users",
      "content_type": 10,
      "codename": "view_users"
    }
  },
  {
    "model": "auth.permission",
    "pk": 52,
    "fields": {
      "name": "Can block all users",
      "content_type": 10,
      "codename": "block_users"
    }
  },
  {
    "model": "auth.permission",
    "pk": 53,
    "fields": {
      "name": "Can add Статья",
      "content_type": 13,
      "codename": "add_blog"
    }
  },
  {
    "model": "auth.permission",
    "pk": 54,
    "fields": {
      "name": "Can change Статья",
      "content_type": 13,
      "codename": "change_blog"
    }
  },
  {
    "model": "auth.permission",
    "pk": 55,
    "fields": {
      "name": "Can delete Статья",
      "content_type": 13,
      "codename": "delete_blog"
    }
  },
  {
    "model": "auth.permission",
    "pk": 56,
    "fields": {
      "name": "Can view Статья",
      "content_type": 13,
      "codename": "view_blog"
    }
  },
  {
    "model": "auth.group",
    "pk": 1,
    "fields": {
      "name": "manager",
      "permissions": [
        50,
        49,
        52,
        51
      ]
    }
  },
  {
    "model": "auth.group",
    "pk": 2,
    "fields": {
      "name": "content_maker",
      "permissions": [
        53,
        54,
        55,
        56
      ]
    }
  },
  {
    "model": "contenttypes.contenttype",
    "pk": 1,
    "fields": {
      "app_label": "admin",
      "model": "logentry"
    }
  },
  {
    "model": "contenttypes.contenttype",
    "pk": 2,
    "fields": {
      "app_label": "auth",
      "model": "permission"
    }
  },
  {
    "model": "contenttypes.contenttype",
    "pk": 3,
    "fields": {
      "app_label": "auth",
      "model": "group"
    }
  },
  {
    "model": "contenttypes.contenttype",
    "pk": 4,
    "fields": {
      "app_label": "contenttypes",
      "model": "contenttype"
    }
  },
  {
    "model": "contenttypes.contenttype",
    "pk": 5,
    "fields": {
      "app_label": "sessions",
      "model": "session"
    }
  },
  {
    "model": "contenttypes.contenttype",
    "pk": 6,
    "fields": {
      "app_label": "mailing",
      "model": "client"
    }
  },
  {
    "model": "contenttypes.contenttype",
    "pk": 7,
    "fields": {
      "app_label": "mailing",
      "model": "message"
    }
  },
  {
    "model": "contenttypes.contenttype",
    "pk": 8,
    "fields": {
      "app_label": "mailing",
      "model": "mailing"
    }
  },
  {
    "model": "contenttypes.contenttype",
    "pk": 9,
    "fields": {
      "app_label": "mailing",
      "model": "log"
    }
  },
  {
    "model": "contenttypes.contenttype",
    "pk": 10,
    "fields": {
      "app_label": "users",
      "model": "user"
    }
  },
  {
    "model": "contenttypes.contenttype",
    "pk": 11,
    "fields": {
      "app_label": "django_apscheduler",
      "model": "djangojob"
    }
  },
  {
    "model": "contenttypes.contenttype",
    "pk": 12,
    "fields": {
      "app_label": "django_apscheduler",
      "model": "djangojobexecution"
    }
  },
  {
    "model": "contenttypes.contenttype",
    "pk": 13,
    "fields": {
      "app_label": "blog",
      "model": "blog"
    }
  },
  {
    "model": "sessions.session",
    "pk": "be1o8yt7in56z1xbw6jfn0h3fn67n1kt",
    "fields": {
      "session_data": ".eJxVjMsOwiAQRf-FtSEgUx4u3fcbyMCAVA0kpV0Z_11JutDtOefeF_O4b8XvPa1-IXZhkp1-WcD4SHUIumO9NR5b3dYl8JHww3Y-N0rP69H-HRTsZazhnJTQGR0qEEqisjGQAg3WwiQtoAEi7WQiR0aIbJzJwZBw05dBZO8PzB43Ug:1sbQ0m:FD_pmHNfCX9ascBRzynHT2BaRoxhFSCoDeuZaa--xE4",
      "expire_date": "2024-08-20T19:38:24.667Z"
    }
  },
  {
    "model": "mailing.client",
    "pk": 2,
    "fields": {
      "email": "test@sky.pro",
      "name": "kjh",
      "comment": "lkjl;k",
      "owner": null
    }
  },
  {
    "model": "mailing.client",
    "pk": 3,
    "fields": {
      "email": "moskalev199618120@gmail.com",
      "name": "test",
      "comment": "тест",
      "owner": null
    }
  },
  {
    "model": "mailing.message",
    "pk": 1,
    "fields": {
      "title": "Проверка связи",
      "text": "Тестовое письмо для проверки записи информации в базу данных",
      "owner": null
    }
  },
  {
    "model": "mailing.message",
    "pk": 4,
    "fields": {
      "title": "111",
      "text": "111",
      "owner": 2
    }
  },
  {
    "model": "mailing.mailing",
    "pk": 1,
    "fields": {
      "name": "Проверочная",
      "description": "Просто что-то написано",
      "status": "Создана",
      "periodicity": "Раз в день",
      "start_date": "2024-08-04T13:46:00Z",
      "end_date": "2024-08-04T13:48:00Z",
      "next_send_time": "2024-08-05T13:47:00Z",
      "message": 1,
      "owner": 1,
      "clients": [
        3,
        2
      ]
    }
  },
  {
    "model": "mailing.mailing",
    "pk": 3,
    "fields": {
      "name": "123123123",
      "description": "123123123123",
      "status": "Создана",
      "periodicity": "Раз в день",
      "start_date": "2024-12-20T13:50:00Z",
      "end_date": null,
      "next_send_time": "2024-12-20T13:50:00Z",
      "message": 1,
      "owner": null,
      "clients": [
        3
      ]
    }
  },
  {
    "model": "mailing.mailing",
    "pk": 4,
    "fields": {
      "name": "12131",
      "description": "123123",
      "status": "Создана",
      "periodicity": "Раз в день",
      "start_date": null,
      "end_date": null,
      "next_send_time": null,
      "message": 4,
      "owner": 2,
      "clients": [
        3
      ]
    }
  },
  {
    "model": "mailing.log",
    "pk": 1,
    "fields": {
      "time": "2024-08-04T13:47:01.443Z",
      "status": "Успешно",
      "server_answer": "1",
      "mailing": 1
    }
  },
  {
    "model": "mailing.log",
    "pk": 2,
    "fields": {
      "time": "2024-08-04T14:02:06.673Z",
      "status": "Успешно",
      "server_answer": "1",
      "mailing": 1
    }
  },
  {
    "model": "users.user",
    "pk": 1,
    "fields": {
      "password": "pbkdf2_sha256$600000$Ly8L4PsUNSrImilhHbY1yA$K+DNSwODxS1PgZuF7ueITOVlQbaknF7IBTiD0zwSkJE=",
      "last_login": "2024-08-06T19:38:24.645Z",
      "is_superuser": true,
      "is_staff": true,
      "is_active": true,
      "date_joined": "2024-08-04T13:35:45Z",
      "first_name": "Admin",
      "last_name": "SkyPro",
      "email": "admin@sky.pro",
      "phone": null,
      "country": null,
      "token": null,
      "groups": [],
      "user_permissions": []
    }
  },
  {
    "model": "users.user",
    "pk": 2,
    "fields": {
      "password": "pbkdf2_sha256$600000$2aT9JkQjfaD1VcRd6bwVPS$aCWp7xdcoQzUXR7MImE5SL+qVIxEE6jOlLJwbQpXyDg=",
      "last_login": "2024-08-05T21:41:43Z",
      "is_superuser": false,
      "is_staff": false,
      "is_active": true,
      "date_joined": "2024-08-04T16:41:52Z",
      "first_name": "Дмитрий",
      "last_name": "Москалев",
      "email": "moskalev199618120@gmail.com",
      "phone": null,
      "country": null,
      "token": null,
      "groups": [
        1
      ],
      "user_permissions": []
    }
  },
  {
    "model": "users.user",
    "pk": 5,
    "fields": {
      "password": "123qwe45rt",
      "last_login": null,
      "is_superuser": false,
      "is_staff": false,
      "is_active": true,
      "date_joined": "2024-08-06T19:46:07Z",
      "first_name": "Менеджер",
      "last_name": "Менеджеров",
      "email": "test@mail.com",
      "phone": null,
      "country": null,
      "token": null,
      "groups": [],
      "user_permissions": []
    }
  },
  {
    "model": "users.user",
    "pk": 6,
    "fields": {
      "password": "123qwe45rt",
      "last_login": null,
      "is_superuser": false,
      "is_staff": false,
      "is_active": true,
      "date_joined": "2024-08-06T19:51:33Z",
      "first_name": "Идейник",
      "last_name": "Идеев",
      "email": "idea@content.ru",
      "phone": null,
      "country": null,
      "token": null,
      "groups": [
        2
      ],
      "user_permissions": []
    }
  },
  {
    "model": "django_apscheduler.djangojob",
    "pk": "delete_old_job_executions",
    "fields": {
      "next_run_time": "2024-08-04T21:00:00Z",
      "job_state": "gAWVWwQAAAAAAAB9lCiMB3ZlcnNpb26USwGMAmlklIwZZGVsZXRlX29sZF9qb2JfZXhlY3V0aW9uc5SMBGZ1bmOUjENtYWlsaW5nLm1hbmFnZW1lbnQuY29tbWFuZHMuc3RhcnRfbWFpbGluZzpkZWxldGVfb2xkX2pvYl9leGVjdXRpb25zlIwHdHJpZ2dlcpSMGWFwc2NoZWR1bGVyLnRyaWdnZXJzLmNyb26UjAtDcm9uVHJpZ2dlcpSTlCmBlH2UKGgBSwKMCHRpbWV6b25llIwIYnVpbHRpbnOUjAdnZXRhdHRylJOUjAh6b25laW5mb5SMCFpvbmVJbmZvlJOUjAlfdW5waWNrbGWUhpRSlIwNRXVyb3BlL01vc2Nvd5RLAYaUUpSMCnN0YXJ0X2RhdGWUTowIZW5kX2RhdGWUTowGZmllbGRzlF2UKIwgYXBzY2hlZHVsZXIudHJpZ2dlcnMuY3Jvbi5maWVsZHOUjAlCYXNlRmllbGSUk5QpgZR9lCiMBG5hbWWUjAR5ZWFylIwKaXNfZGVmYXVsdJSIjAtleHByZXNzaW9uc5RdlIwlYXBzY2hlZHVsZXIudHJpZ2dlcnMuY3Jvbi5leHByZXNzaW9uc5SMDUFsbEV4cHJlc3Npb26Uk5QpgZR9lIwEc3RlcJROc2JhdWJoHYwKTW9udGhGaWVsZJSTlCmBlH2UKGgijAVtb250aJRoJIhoJV2UaCkpgZR9lGgsTnNiYXViaB2MD0RheU9mTW9udGhGaWVsZJSTlCmBlH2UKGgijANkYXmUaCSIaCVdlGgpKYGUfZRoLE5zYmF1YmgdjAlXZWVrRmllbGSUk5QpgZR9lChoIowEd2Vla5RoJIhoJV2UaCkpgZR9lGgsTnNiYXViaB2MDkRheU9mV2Vla0ZpZWxklJOUKYGUfZQoaCKMC2RheV9vZl93ZWVrlGgkiWglXZRoJ4wWV2Vla2RheVJhbmdlRXhwcmVzc2lvbpSTlCmBlH2UKGgsTowFZmlyc3SUSwCMBGxhc3SUSwB1YmF1YmgfKYGUfZQoaCKMBGhvdXKUaCSJaCVdlGgnjA9SYW5nZUV4cHJlc3Npb26Uk5QpgZR9lChoLE5oT0sAaFBLAHViYXViaB8pgZR9lChoIowGbWludXRllGgkiWglXZRoVimBlH2UKGgsTmhPSwBoUEsAdWJhdWJoHymBlH2UKGgijAZzZWNvbmSUaCSIaCVdlGhWKYGUfZQoaCxOaE9LAGhQSwB1YmF1YmWMBmppdHRlcpROdWKMCGV4ZWN1dG9ylIwHZGVmYXVsdJSMBGFyZ3OUKYwGa3dhcmdzlH2UaCJoA4wSbWlzZmlyZV9ncmFjZV90aW1llEsBjAhjb2FsZXNjZZSIjA1tYXhfaW5zdGFuY2VzlEsBjA1uZXh0X3J1bl90aW1llIwIZGF0ZXRpbWWUjAhkYXRldGltZZSTlEMKB+gIBQAAAAAAAJRoGIaUUpR1Lg=="
    }
  },
  {
    "model": "django_apscheduler.djangojob",
    "pk": "sand_mailing",
    "fields": {
      "next_run_time": "2024-08-04T14:08:00Z",
      "job_state": "gAWVAAQAAAAAAAB9lCiMB3ZlcnNpb26USwGMAmlklIwMc2FuZF9tYWlsaW5nlIwEZnVuY5SMHW1haWxpbmcuc2VydmljZXM6c2VuZF9tYWlsaW5nlIwHdHJpZ2dlcpSMGWFwc2NoZWR1bGVyLnRyaWdnZXJzLmNyb26UjAtDcm9uVHJpZ2dlcpSTlCmBlH2UKGgBSwKMCHRpbWV6b25llIwIYnVpbHRpbnOUjAdnZXRhdHRylJOUjAh6b25laW5mb5SMCFpvbmVJbmZvlJOUjAlfdW5waWNrbGWUhpRSlIwNRXVyb3BlL01vc2Nvd5RLAYaUUpSMCnN0YXJ0X2RhdGWUTowIZW5kX2RhdGWUTowGZmllbGRzlF2UKIwgYXBzY2hlZHVsZXIudHJpZ2dlcnMuY3Jvbi5maWVsZHOUjAlCYXNlRmllbGSUk5QpgZR9lCiMBG5hbWWUjAR5ZWFylIwKaXNfZGVmYXVsdJSIjAtleHByZXNzaW9uc5RdlIwlYXBzY2hlZHVsZXIudHJpZ2dlcnMuY3Jvbi5leHByZXNzaW9uc5SMDUFsbEV4cHJlc3Npb26Uk5QpgZR9lIwEc3RlcJROc2JhdWJoHYwKTW9udGhGaWVsZJSTlCmBlH2UKGgijAVtb250aJRoJIhoJV2UaCkpgZR9lGgsTnNiYXViaB2MD0RheU9mTW9udGhGaWVsZJSTlCmBlH2UKGgijANkYXmUaCSIaCVdlGgpKYGUfZRoLE5zYmF1YmgdjAlXZWVrRmllbGSUk5QpgZR9lChoIowEd2Vla5RoJIhoJV2UaCkpgZR9lGgsTnNiYXViaB2MDkRheU9mV2Vla0ZpZWxklJOUKYGUfZQoaCKMC2RheV9vZl93ZWVrlGgkiGglXZRoKSmBlH2UaCxOc2JhdWJoHymBlH2UKGgijARob3VylGgkiGglXZRoKSmBlH2UaCxOc2JhdWJoHymBlH2UKGgijAZtaW51dGWUaCSJaCVdlGgpKYGUfZRoLEsBc2JhdWJoHymBlH2UKGgijAZzZWNvbmSUaCSIaCVdlGgnjA9SYW5nZUV4cHJlc3Npb26Uk5QpgZR9lChoLE6MBWZpcnN0lEsAjARsYXN0lEsAdWJhdWJljAZqaXR0ZXKUTnVijAhleGVjdXRvcpSMB2RlZmF1bHSUjARhcmdzlCmMBmt3YXJnc5R9lGgijAxzZW5kX21haWxpbmeUjBJtaXNmaXJlX2dyYWNlX3RpbWWUSwGMCGNvYWxlc2NllIiMDW1heF9pbnN0YW5jZXOUSwGMDW5leHRfcnVuX3RpbWWUjAhkYXRldGltZZSMCGRhdGV0aW1llJOUQwoH6AgEEQgAAAAAlGgYhpRSlHUu"
    }
  },
  {
    "model": "django_apscheduler.djangojobexecution",
    "pk": 1,
    "fields": {
      "job": "sand_mailing",
      "status": "Error!",
      "run_time": "2024-08-04T13:27:00Z",
      "duration": "0.03",
      "finished": "1722778020.03",
      "exception": "Cannot resolve keyword 'status_in' into field. Choices are: clients, description, end_date, id, log, message, message_id, name, next_send_time, owner, owner_id, periodicity, start_date, status",
      "traceback": "  File \"/home/moskalev/DjangoProject/Course_work_6/.venv/lib/python3.10/site-packages/apscheduler/executors/base.py\", line 125, in run_job\n    retval = job.func(*job.args, **job.kwargs)\n  File \"/home/moskalev/DjangoProject/Course_work_6/mailing/services.py\", line 16, in send_mailing\n    mailings = Mailing.objects.filter(status_in=[Mailing.STARTED, Mailing.CREATED])\n  File \"/home/moskalev/DjangoProject/Course_work_6/.venv/lib/python3.10/site-packages/django/db/models/manager.py\", line 87, in manager_method\n    return getattr(self.get_queryset(), name)(*args, **kwargs)\n  File \"/home/moskalev/DjangoProject/Course_work_6/.venv/lib/python3.10/site-packages/django/db/models/query.py\", line 1436, in filter\n    return self._filter_or_exclude(False, args, kwargs)\n  File \"/home/moskalev/DjangoProject/Course_work_6/.venv/lib/python3.10/site-packages/django/db/models/query.py\", line 1454, in _filter_or_exclude\n    clone._filter_or_exclude_inplace(negate, args, kwargs)\n  File \"/home/moskalev/DjangoProject/Course_work_6/.venv/lib/python3.10/site-packages/django/db/models/query.py\", line 1461, in _filter_or_exclude_inplace\n    self._query.add_q(Q(*args, **kwargs))\n  File \"/home/moskalev/DjangoProject/Course_work_6/.venv/lib/python3.10/site-packages/django/db/models/sql/query.py\", line 1534, in add_q\n    clause, _ = self._add_q(q_object, self.used_aliases)\n  File \"/home/moskalev/DjangoProject/Course_work_6/.venv/lib/python3.10/site-packages/django/db/models/sql/query.py\", line 1565, in _add_q\n    child_clause, needed_inner = self.build_filter(\n  File \"/home/moskalev/DjangoProject/Course_work_6/.venv/lib/python3.10/site-packages/django/db/models/sql/query.py\", line 1415, in build_filter\n    lookups, parts, reffed_expression = self.solve_lookup_type(arg, summarize)\n  File \"/home/moskalev/DjangoProject/Course_work_6/.venv/lib/python3.10/site-packages/django/db/models/sql/query.py\", line 1225, in solve_lookup_type\n    _, field, _, lookup_parts = self.names_to_path(lookup_splitted, self.get_meta())\n  File \"/home/moskalev/DjangoProject/Course_work_6/.venv/lib/python3.10/site-packages/django/db/models/sql/query.py\", line 1713, in names_to_path\n    raise FieldError(\n"
    }
  },
  {
    "model": "django_apscheduler.djangojobexecution",
    "pk": 2,
    "fields": {
      "job": "sand_mailing",
      "status": "Error!",
      "run_time": "2024-08-04T13:28:00Z",
      "duration": "0.00",
      "finished": "1722778080.00",
      "exception": "Cannot resolve keyword 'status_in' into field. Choices are: clients, description, end_date, id, log, message, message_id, name, next_send_time, owner, owner_id, periodicity, start_date, status",
      "traceback": "  File \"/home/moskalev/DjangoProject/Course_work_6/.venv/lib/python3.10/site-packages/apscheduler/executors/base.py\", line 125, in run_job\n    retval = job.func(*job.args, **job.kwargs)\n  File \"/home/moskalev/DjangoProject/Course_work_6/mailing/services.py\", line 16, in send_mailing\n    mailings = Mailing.objects.filter(status_in=[Mailing.STARTED, Mailing.CREATED])\n  File \"/home/moskalev/DjangoProject/Course_work_6/.venv/lib/python3.10/site-packages/django/db/models/manager.py\", line 87, in manager_method\n    return getattr(self.get_queryset(), name)(*args, **kwargs)\n  File \"/home/moskalev/DjangoProject/Course_work_6/.venv/lib/python3.10/site-packages/django/db/models/query.py\", line 1436, in filter\n    return self._filter_or_exclude(False, args, kwargs)\n  File \"/home/moskalev/DjangoProject/Course_work_6/.venv/lib/python3.10/site-packages/django/db/models/query.py\", line 1454, in _filter_or_exclude\n    clone._filter_or_exclude_inplace(negate, args, kwargs)\n  File \"/home/moskalev/DjangoProject/Course_work_6/.venv/lib/python3.10/site-packages/django/db/models/query.py\", line 1461, in _filter_or_exclude_inplace\n    self._query.add_q(Q(*args, **kwargs))\n  File \"/home/moskalev/DjangoProject/Course_work_6/.venv/lib/python3.10/site-packages/django/db/models/sql/query.py\", line 1534, in add_q\n    clause, _ = self._add_q(q_object, self.used_aliases)\n  File \"/home/moskalev/DjangoProject/Course_work_6/.venv/lib/python3.10/site-packages/django/db/models/sql/query.py\", line 1565, in _add_q\n    child_clause, needed_inner = self.build_filter(\n  File \"/home/moskalev/DjangoProject/Course_work_6/.venv/lib/python3.10/site-packages/django/db/models/sql/query.py\", line 1415, in build_filter\n    lookups, parts, reffed_expression = self.solve_lookup_type(arg, summarize)\n  File \"/home/moskalev/DjangoProject/Course_work_6/.venv/lib/python3.10/site-packages/django/db/models/sql/query.py\", line 1225, in solve_lookup_type\n    _, field, _, lookup_parts = self.names_to_path(lookup_splitted, self.get_meta())\n  File \"/home/moskalev/DjangoProject/Course_work_6/.venv/lib/python3.10/site-packages/django/db/models/sql/query.py\", line 1713, in names_to_path\n    raise FieldError(\n"
    }
  },
  {
    "model": "django_apscheduler.djangojobexecution",
    "pk": 3,
    "fields": {
      "job": "sand_mailing",
      "status": "Executed",
      "run_time": "2024-08-04T13:31:00Z",
      "duration": "0.02",
      "finished": "1722778260.02",
      "exception": null,
      "traceback": null
    }
  },
  {
    "model": "django_apscheduler.djangojobexecution",
    "pk": 4,
    "fields": {
      "job": "sand_mailing",
      "status": "Executed",
      "run_time": "2024-08-04T13:32:00Z",
      "duration": "0.01",
      "finished": "1722778320.01",
      "exception": null,
      "traceback": null
    }
  },
  {
    "model": "django_apscheduler.djangojobexecution",
    "pk": 5,
    "fields": {
      "job": "sand_mailing",
      "status": "Executed",
      "run_time": "2024-08-04T13:33:00Z",
      "duration": "0.01",
      "finished": "1722778380.01",
      "exception": null,
      "traceback": null
    }
  },
  {
    "model": "django_apscheduler.djangojobexecution",
    "pk": 6,
    "fields": {
      "job": "sand_mailing",
      "status": "Executed",
      "run_time": "2024-08-04T13:34:00Z",
      "duration": "0.00",
      "finished": "1722778440.00",
      "exception": null,
      "traceback": null
    }
  },
  {
    "model": "django_apscheduler.djangojobexecution",
    "pk": 7,
    "fields": {
      "job": "sand_mailing",
      "status": "Executed",
      "run_time": "2024-08-04T13:35:00Z",
      "duration": "0.01",
      "finished": "1722778500.01",
      "exception": null,
      "traceback": null
    }
  },
  {
    "model": "django_apscheduler.djangojobexecution",
    "pk": 8,
    "fields": {
      "job": "sand_mailing",
      "status": "Executed",
      "run_time": "2024-08-04T13:37:00Z",
      "duration": "0.05",
      "finished": "1722778620.05",
      "exception": null,
      "traceback": null
    }
  },
  {
    "model": "django_apscheduler.djangojobexecution",
    "pk": 9,
    "fields": {
      "job": "sand_mailing",
      "status": "Executed",
      "run_time": "2024-08-04T13:38:00Z",
      "duration": "0.01",
      "finished": "1722778680.01",
      "exception": null,
      "traceback": null
    }
  },
  {
    "model": "django_apscheduler.djangojobexecution",
    "pk": 10,
    "fields": {
      "job": "sand_mailing",
      "status": "Executed",
      "run_time": "2024-08-04T13:39:00Z",
      "duration": "0.00",
      "finished": "1722778740.00",
      "exception": null,
      "traceback": null
    }
  },
  {
    "model": "django_apscheduler.djangojobexecution",
    "pk": 11,
    "fields": {
      "job": "sand_mailing",
      "status": "Error!",
      "run_time": "2024-08-04T13:40:00Z",
      "duration": "0.05",
      "finished": "1722778800.05",
      "exception": "EMAIL_USE_TLS/EMAIL_USE_SSL are mutually exclusive, so only set one of those settings to True.",
      "traceback": "  File \"/home/moskalev/DjangoProject/Course_work_6/.venv/lib/python3.10/site-packages/apscheduler/executors/base.py\", line 125, in run_job\n    retval = job.func(*job.args, **job.kwargs)\n  File \"/home/moskalev/DjangoProject/Course_work_6/mailing/services.py\", line 29, in send_mailing\n    server_response = send_mail(\n  File \"/home/moskalev/DjangoProject/Course_work_6/.venv/lib/python3.10/site-packages/django/core/mail/__init__.py\", line 76, in send_mail\n    connection = connection or get_connection(\n  File \"/home/moskalev/DjangoProject/Course_work_6/.venv/lib/python3.10/site-packages/django/core/mail/__init__.py\", line 51, in get_connection\n    return klass(fail_silently=fail_silently, **kwds)\n  File \"/home/moskalev/DjangoProject/Course_work_6/.venv/lib/python3.10/site-packages/django/core/mail/backends/smtp.py\", line 47, in __init__\n    raise ValueError(\n"
    }
  },
  {
    "model": "django_apscheduler.djangojobexecution",
    "pk": 12,
    "fields": {
      "job": "sand_mailing",
      "status": "Executed",
      "run_time": "2024-08-04T13:41:00Z",
      "duration": "0.03",
      "finished": "1722778860.03",
      "exception": null,
      "traceback": null
    }
  },
  {
    "model": "django_apscheduler.djangojobexecution",
    "pk": 13,
    "fields": {
      "job": "sand_mailing",
      "status": "Error!",
      "run_time": "2024-08-04T13:42:00Z",
      "duration": "0.02",
      "finished": "1722778920.02",
      "exception": "EMAIL_USE_TLS/EMAIL_USE_SSL are mutually exclusive, so only set one of those settings to True.",
      "traceback": "  File \"/home/moskalev/DjangoProject/Course_work_6/.venv/lib/python3.10/site-packages/apscheduler/executors/base.py\", line 125, in run_job\n    retval = job.func(*job.args, **job.kwargs)\n  File \"/home/moskalev/DjangoProject/Course_work_6/mailing/services.py\", line 29, in send_mailing\n    server_response = send_mail(\n  File \"/home/moskalev/DjangoProject/Course_work_6/.venv/lib/python3.10/site-packages/django/core/mail/__init__.py\", line 76, in send_mail\n    connection = connection or get_connection(\n  File \"/home/moskalev/DjangoProject/Course_work_6/.venv/lib/python3.10/site-packages/django/core/mail/__init__.py\", line 51, in get_connection\n    return klass(fail_silently=fail_silently, **kwds)\n  File \"/home/moskalev/DjangoProject/Course_work_6/.venv/lib/python3.10/site-packages/django/core/mail/backends/smtp.py\", line 47, in __init__\n    raise ValueError(\n"
    }
  },
  {
    "model": "django_apscheduler.djangojobexecution",
    "pk": 14,
    "fields": {
      "job": "sand_mailing",
      "status": "Error!",
      "run_time": "2024-08-04T13:43:00Z",
      "duration": "0.02",
      "finished": "1722778980.02",
      "exception": "EMAIL_USE_TLS/EMAIL_USE_SSL are mutually exclusive, so only set one of those settings to True.",
      "traceback": "  File \"/home/moskalev/DjangoProject/Course_work_6/.venv/lib/python3.10/site-packages/apscheduler/executors/base.py\", line 125, in run_job\n    retval = job.func(*job.args, **job.kwargs)\n  File \"/home/moskalev/DjangoProject/Course_work_6/mailing/services.py\", line 29, in send_mailing\n    server_response = send_mail(\n  File \"/home/moskalev/DjangoProject/Course_work_6/.venv/lib/python3.10/site-packages/django/core/mail/__init__.py\", line 76, in send_mail\n    connection = connection or get_connection(\n  File \"/home/moskalev/DjangoProject/Course_work_6/.venv/lib/python3.10/site-packages/django/core/mail/__init__.py\", line 51, in get_connection\n    return klass(fail_silently=fail_silently, **kwds)\n  File \"/home/moskalev/DjangoProject/Course_work_6/.venv/lib/python3.10/site-packages/django/core/mail/backends/smtp.py\", line 47, in __init__\n    raise ValueError(\n"
    }
  },
  {
    "model": "django_apscheduler.djangojobexecution",
    "pk": 15,
    "fields": {
      "job": "sand_mailing",
      "status": "Executed",
      "run_time": "2024-08-04T13:45:00Z",
      "duration": "0.02",
      "finished": "1722779100.02",
      "exception": null,
      "traceback": null
    }
  },
  {
    "model": "django_apscheduler.djangojobexecution",
    "pk": 16,
    "fields": {
      "job": "sand_mailing",
      "status": "Executed",
      "run_time": "2024-08-04T13:46:00Z",
      "duration": "0.00",
      "finished": "1722779160.00",
      "exception": null,
      "traceback": null
    }
  },
  {
    "model": "django_apscheduler.djangojobexecution",
    "pk": 17,
    "fields": {
      "job": "sand_mailing",
      "status": "Executed",
      "run_time": "2024-08-04T13:47:00Z",
      "duration": "1.46",
      "finished": "1722779221.46",
      "exception": null,
      "traceback": null
    }
  },
  {
    "model": "django_apscheduler.djangojobexecution",
    "pk": 18,
    "fields": {
      "job": "sand_mailing",
      "status": "Executed",
      "run_time": "2024-08-04T13:48:00Z",
      "duration": "0.01",
      "finished": "1722779280.01",
      "exception": null,
      "traceback": null
    }
  },
  {
    "model": "django_apscheduler.djangojobexecution",
    "pk": 19,
    "fields": {
      "job": "sand_mailing",
      "status": "Executed",
      "run_time": "2024-08-04T13:49:00Z",
      "duration": "0.01",
      "finished": "1722779340.01",
      "exception": null,
      "traceback": null
    }
  },
  {
    "model": "django_apscheduler.djangojobexecution",
    "pk": 20,
    "fields": {
      "job": "sand_mailing",
      "status": "Executed",
      "run_time": "2024-08-04T14:07:00Z",
      "duration": "0.13",
      "finished": "1722780420.13",
      "exception": null,
      "traceback": null
    }
  },
  {
    "model": "blog.blog",
    "pk": 1,
    "fields": {
      "title": "Тестовый заголовок блога",
      "slug": "testovyij-zagolovok-bloga",
      "text": "Просто тест для проверки работоспособности функционала",
      "preview": "blog/preview/filed_blog.jpg",
      "created_at": "2024-08-06T16:57:18.792Z",
      "is_published": true,
      "views_count": 37
    }
  },
  {
    "model": "blog.blog",
    "pk": 2,
    "fields": {
      "title": "Просто красивый пейзаж",
      "slug": "prosto-krasivyij-pejzazh",
      "text": "Полюбуйтесь красивым пейзажем, расслабьтесь и получайте эстетическое удовольствие",
      "preview": "blog/preview/blog_waterfall.jpg",
      "created_at": "2024-08-06T21:35:20.297Z",
      "is_published": true,
      "views_count": 0
    }
  },
  {
    "model": "blog.blog",
    "pk": 3,
    "fields": {
      "title": "Красивый костер",
      "slug": "krasivyij-koster",
      "text": "Еще одна вещь, на которую можно смотреть бесконечно",
      "preview": "blog/preview/blog_bonfire.jpeg",
      "created_at": "2024-08-06T21:41:34.678Z",
      "is_published": true,
      "views_count": 0
    }
  },
  {
    "model": "blog.blog",
    "pk": 4,
    "fields": {
      "title": "Что-то из другой фразы",
      "slug": "chto-to-iz-drugoj-frazyi",
      "text": "У нас есть вода, есть огонь, но не было медных труб. Собственно вот они",
      "preview": "blog/preview/blog_pipes.jpg",
      "created_at": "2024-08-06T21:53:28.954Z",
      "is_published": true,
      "views_count": 0
    }
  }
]